[
    {
        "state": "Tamil Nadu",
        "branches": [
            {
                "id": "ambur",
                "city": "Ambur",
                "address": "Door No:1 Ground Floor, Anna Nagar, Ambur Plantation R F, Chennai to Bangalore Highway Road, Ambur. LM: Near Bajaj Bike Showroom. Pincode: 635802.",
                "phone": "04174290066, +91 9514577711",
                "mapUrl": "https://www.google.com/maps?q=RJR+Herbal+Hospital+Ambur&output=embed",
                "doctorName": "",
                "doctorImage": "/images/dhakshnamoorthy.png"
            },
            {
                "id": "chennai",
                "city": "Chennai",
                "address": "No.150, Habibulla Road, Near Devar Kalyana Mandabam, North Usman Road Post Office Back Side, T.Nagar, Chennai, Tamil Nadu. Pincode: 600017.",
                "phone": "+91 7871111115, +91 9962800003",
                "mapUrl": "https://www.google.com/maps?q=RJR+Herbal+Hospital+Chennai&output=embed",
                "doctorName": "",
                "doctorImage": "/images/kavitha.png"
            },
            {
                "id": "coimbatore",
                "city": "Coimbatore",
                "address": "No:624, BSR Complex, Ground Floor, 100 Feet Road, Gandhipuram, Coimbatore (Landmark GP Signal) Tamil Nadu. Pincode: 641012.",
                "phone": "04224384965, 04224214511, +91 7092077711, +91 9677608444",
                "mapUrl": "https://www.google.com/maps?q=RJR+Herbal+Hospital+Coimbatore&output=embed",
                "doctorName": "DR.JUNO, B.S.M.S., M.SC(PSY)",
                "doctorImage": "/images/naveersir1.png"
            },
            {
                "id": "cuddalore",
                "city": "Cuddalore",
                "address": "No:15, Nellikuppam Main Road, S N Chavadi, Near TVS Showroom, Cuddalore, Tamil Nadu, Pincode-607001.",
                "phone": "+91 97873 77711, 04142222006",
                "mapUrl": "https://www.google.com/maps?q=RJR+Herbal+Hospital+Cuddalore&output=embed",
                "doctorName": "DR.M.MONICA, B.A.M.S",
                "doctorImage": "/images/md sir nadi.png"
            },
            {
                "id": "dharmapuri",
                "city": "Dharmapuri",
                "address": "No. 3/183/H, Govt Arts College Bus Stop, Dharmapuri to Salem main road, Savulupatti, Collectorate (post), Dharmapuri, Pincode: 636705. LM: Opposite govt college ladies hostel.",
                "phone": "04342262006, +91 9092977711",
                "mapUrl": "https://www.google.com/maps?q=RJR+Herbal+Hospital+Dharmapuri&output=embed",
                "doctorName": "Dr V.Vijayalakshmi BSMS MDs",
                "doctorImage": "/images/dhakshnamoorthy.png"
            },
            {
                "id": "dindigul",
                "city": "Dindigul",
                "address": "No.165/5A, Kottapatti Pirivu, Palani bypass bus stop, Dindigul. LM: Near HP Petrol Bunk. Pincode: 624601.",
                "phone": "+91 9514955555",
                "mapUrl": "https://www.google.com/maps?q=RJR+Herbal+Hospital+Dindigul&output=embed",
                "doctorName": "Dr.P.SARANYA. B.S.M.S.",
                "doctorImage": "/images/kavitha.png"
            },
            {
                "id": "erode",
                "city": "Erode",
                "address": "No.:40, Meenachi Sundaram Street, Near State Bank, Tirunagar Colony, Karungalpalayam Road, V.O.C Park Back side Gate, Erode, Tamil Nadu. Pincode: 638003.",
                "phone": "+91 9087577711",
                "mapUrl": "https://www.google.com/maps?q=RJR+Herbal+Hospital+Erode&output=embed",
                "doctorName": "DR.C.SARANYA. B.S.M.S.",
                "doctorImage": "/images/naveersir1.png"
            },
            {
                "id": "hosur",
                "city": "Hosur",
                "address": "NO.: 58, Bangalore Highway, Opposite to Traffic Police Station, Near Agarval Eye Hospital, Hosur, Tamil Nadu. Pincode: 635109.",
                "phone": "04344244006, +91 7871677711",
                "mapUrl": "https://www.google.com/maps?q=RJR+Herbal+Hospital+Hosur&output=embed",
                "doctorName": "DR.M.SANGEETHA, B.S.M.S., D.P.T.",
                "doctorImage": "/images/md sir nadi.png"
            },
            {
                "id": "kanchipuram",
                "city": "Kanchipuram",
                "address": "No.: 80D, Salai Street [Vellore Highway], Opposite to Veeralakshmi Super Market, Near Ekambaranathar Kovil, Kanchipuram, Tamil Nadu. Pincode: 631502.",
                "phone": "04427227266, +91 9087277711",
                "mapUrl": "https://www.google.com/maps?q=RJR+Herbal+Hospital+Kanchipuram&output=embed",
                "doctorName": "DR.S.KAVIYA. B.S.M.S.",
                "doctorImage": "/images/dhakshnamoorthy.png"
            },
            {
                "id": "karaikudi",
                "city": "Karaikudi",
                "address": "No:31/2 Kalanivasal road near Apollo pharmacy Muthu meenal complex, kalanivasal Karaikudi. Pincode:630002",
                "phone": "+91 9176277711",
                "mapUrl": "https://www.google.com/maps?q=RJR+Herbal+Hospital+Karaikudi&output=embed",
                "doctorName": "Dr.V.GIRIJA. B.S.M.S.",
                "doctorImage": "/images/kavitha.png"
            },
            {
                "id": "karur",
                "city": "Karur",
                "address": "No.: 8, South Narasimapuram, Lighthouse Corner, Near Bus Stand, Karur, Tamil Nadu. Pincode: 639001.",
                "phone": "04324260006, +91 9514377711",
                "mapUrl": "https://www.google.com/maps?q=RJR+Herbal+Hospital+Karur&output=embed",
                "doctorName": "",
                "doctorImage": "/images/naveersir1.png"
            },
            {
                "id": "kovilpatti",
                "city": "Kovilpatti",
                "address": "No:64 A, Esther Rani Mahal, Near Apollo pharmacy, New road or G.H road, Railway station bus stop, Old bus stand, Kovilpatti. Pincode: 628501",
                "phone": "04632-224266, +91 9087177711",
                "mapUrl": "https://www.google.com/maps?q=RJR+Herbal+Hospital+Kovilpatti&output=embed",
                "doctorName": "Dr. G.JEYAVANI, B.S.M.S.",
                "doctorImage": "/images/md sir nadi.png"
            },
            {
                "id": "krishnagiri",
                "city": "Krishnagiri",
                "address": "No:5/318/35, Salem - bangalore highway raod, Salem byepass service road, Near NSK land mark, Appollo Tyres, Krishnagiri Pincode:635001.",
                "phone": "+91 9514955555",
                "mapUrl": "https://www.google.com/maps?q=RJR+Herbal+Hospital+Krishnagiri&output=embed",
                "doctorName": "DR.D.MERLIN PERSIA. B.S.M.S.,P.G.D.Y.",
                "doctorImage": "/images/dhakshnamoorthy.png"
            },
            {
                "id": "kumbakonam",
                "city": "Kumbakonam",
                "address": "No.: 28, Shanthi Nagar, Chennai Silks Back side, Near CRC Bus Depot, Kumbakonam, Tamil Nadu. Pincode: 612001.",
                "phone": "04352412006, +91 7449277711",
                "mapUrl": "https://www.google.com/maps?q=RJR+Herbal+Hospital+Kumbakonam&output=embed",
                "doctorName": "DR. P.G.REVATHI, B.S.M.S.",
                "doctorImage": "/images/kavitha.png"
            },
            {
                "id": "madurai",
                "city": "Madurai",
                "address": "Plot No:1, Next to Sono Scans, Paal Pannai Signal, K K Nagar, Madurai. Pincode - 625 020.",
                "phone": "+91 70921 77711",
                "mapUrl": "https://www.google.com/maps?q=RJR+Herbal+Hospital+Madurai&output=embed",
                "doctorName": "DR.A.OPHILIA MARY. B.N.Y.S.",
                "doctorImage": "/images/naveersir1.png"
            },
            {
                "id": "marthandam",
                "city": "Marthandam",
                "address": "NO.: 5 - 81/2, pansy Plaza, Market Road, Near New Bus Stand and Canara Bank, Marthandam, Tamil Nadu. Pincode: 629165.",
                "phone": "04651205004, +91 7448977711",
                "mapUrl": "https://www.google.com/maps?q=RJR+Herbal+Hospital+Marthandam&output=embed",
                "doctorName": "DR. R.V. SUGANYA DEVI. B.N.Y.S.",
                "doctorImage": "/images/md sir nadi.png"
            },
            {
                "id": "mayiladuthurai",
                "city": "Mayiladuthurai",
                "address": "No.: 123 B/1, Muthu vakkil Salai, Opposite to St.Francis Xavier Church, Gandhiji Road, Near Old Bus Stand, Mayiladuthurai, Tamil Nadu. Pincode: 609001.",
                "phone": "+91 9092877711",
                "mapUrl": "https://www.google.com/maps?q=RJR+Herbal+Hospital+Mayiladuthurai&output=embed",
                "doctorName": "DR.POUNGODI. B.A.M.S.",
                "doctorImage": "/images/dhakshnamoorthy.png"
            },
            {
                "id": "nagapattinam",
                "city": "Nagapattinam",
                "address": "No.: 1, Max Complex, Kaariyankudi Chetti Street, Opposite to CRC Bus Depot, Velipalayam, Near New Bus Stand, Nagapattinam, Tamil Nadu. Pincode: 611001.",
                "phone": "04365247002, +91 9514177711",
                "mapUrl": "https://www.google.com/maps?q=RJR+Herbal+Hospital+Nagapattinam&output=embed",
                "doctorName": "Dr.S.NARMADHA B.A.M.S",
                "doctorImage": "/images/kavitha.png"
            },
            {
                "id": "nagercoil",
                "city": "Nagercoil",
                "address": "No: 22/30, Parvathavarthini Street, Old Employment Office Road, Near Collector Office, Nagercoil, Pincode: 629001.",
                "phone": "04652403606, +91 7092277711",
                "mapUrl": "https://www.google.com/maps?q=RJR+Herbal+Hospital+Nagercoil&output=embed",
                "doctorName": "DR.V.S.REVA NAVENA. B.A.M.S.",
                "doctorImage": "/images/naveersir1.png"
            },
            {
                "id": "pollachi",
                "city": "Pollachi",
                "address": "No.3, ASD Puram, Mahalingapuram, Opposite to Sarathy TVS Showroom, Nearby UCO Bank. Pollachi, Pincode– 642001.",
                "phone": "+91 9087977711",
                "mapUrl": "https://www.google.com/maps?q=RJR+Herbal+Hospital+Pollachi&output=embed",
                "doctorName": "Dr S.sajna B.S.M.S",
                "doctorImage": "/images/md sir nadi.png"
            },
            {
                "id": "pudukkottai",
                "city": "Pudukkottai",
                "address": "No.: 52B, Seshaiya Road, Ezhil Nagar, Opposite to District Stadium, Near K K C Women’s College, Near New Bus Stand, Puthukottai, Tamil Nadu. Pincode: 622001.",
                "phone": "04322226555, +91 9176177711",
                "mapUrl": "https://www.google.com/maps?q=RJR+Herbal+Hospital+Pudukkottai&output=embed",
                "doctorName": "Dr. R.Lakshana B.A.M.S",
                "doctorImage": "/images/dhakshnamoorthy.png"
            },
            {
                "id": "ramanathapuram",
                "city": "Ramanathapuram",
                "address": "No.: 1/2001-A, Arul Nagar, Sakkaraikottai, opposite to Fish Marker, Near By Best Mummy Bakery, Ramanathapuram, Pincode: 623504.",
                "phone": "04567232006, +91 9092177711",
                "mapUrl": "https://www.google.com/maps?q=RJR+Herbal+Hospital+Ramanathapuram&output=embed",
                "doctorName": "DR.K.SHARMILA. B.A.M.S.",
                "doctorImage": "/images/kavitha.png"
            },
            {
                "id": "salem",
                "city": "Salem",
                "address": "No: 186, Ground Floor, City Centre Mall, Opposite to Saradha Womens College, Yercaud Road (5 Road), Salem. Pincode: 636015.",
                "phone": "+91 9092777112",
                "mapUrl": "https://www.google.com/maps?q=RJR+Herbal+Hospital+Salem&output=embed",
                "doctorName": "",
                "doctorImage": "/images/naveersir1.png"
            },
            {
                "id": "sivakasi",
                "city": "Sivakasi",
                "address": "No:2005/D, Opposite to Jeycees Nursery school, Srinivasa mess stop, Virudhunagar main road or Periya karuppan road, Sivakasi. Pincode:626123",
                "phone": "04562290738, +91 7092477711",
                "mapUrl": "https://www.google.com/maps?q=RJR+Herbal+Hospital+Sivakasi&output=embed",
                "doctorName": "DR.SHARMILA, B.S.M.S.",
                "doctorImage": "/images/md sir nadi.png"
            },
            {
                "id": "tenkasi",
                "city": "Tenkasi",
                "address": "No : 317 ganapathi Nagar, TVS bike showroom opposite, Madurai main road. Tenkasi Pincode-627811",
                "phone": "9087377711",
                "mapUrl": "https://www.google.com/maps?q=RJR+Herbal+Hospital+Tenkasi&output=embed",
                "doctorName": "Dr.Rayeesha Ali Fathima BS.M.S",
                "doctorImage": "/images/dhakshnamoorthy.png"
            },
            {
                "id": "thanjauvr",
                "city": "Thanjauvr",
                "address": "No: 64, Jayendra Saraswati Nagar, Trichy Road, Near New Bus Stand, Thanjavur. LM: Opposite to Bharat College. Pincode : 613005",
                "phone": "+91 9514277711",
                "mapUrl": "https://www.google.com/maps?q=RJR+Herbal+Hospital+Thanjauvr&output=embed",
                "doctorName": "DR.Sarath SASI. B.S.M.S.,",
                "doctorImage": "/images/kavitha.png"
            },
            {
                "id": "theni",
                "city": "Theni",
                "address": "No:12-2-1, T B N Road, Near mini bus road, Opposite to Auto stand, Palani Chettipatti, Theni. L.M: Below Kosamattam Finance. Pincode : 625531",
                "phone": "+91 9092377711",
                "mapUrl": "https://www.google.com/maps?q=RJR+Herbal+Hospital+Theni&output=embed",
                "doctorName": "DR M.SEETHA BSMS MD",
                "doctorImage": "/images/naveersir1.png"
            },
            {
                "id": "thiruvallur",
                "city": "Thiruvallur",
                "address": "No:969,TNHB Road, Kakkalur Bypass Rd, Kakkalur, Tiruvallur, Tamil Nadu. Pincode:602001",
                "phone": "04427664411, +91 9176477711",
                "mapUrl": "https://www.google.com/maps?q=RJR+Herbal+Hospital+Thiruvallur&output=embed",
                "doctorName": "DR.T.TAMIZHKALAI. M.D.SIDDHA.",
                "doctorImage": "/images/md sir nadi.png"
            },
            {
                "id": "tirunelveli",
                "city": "Tirunelveli",
                "address": "No : 100/4, Ground Floor, Downstrem of vannarapettai Flyover, near Vannarapettai, Tirunelveli, Tamil Nadu Pincode:627003",
                "phone": "78713 77711, 0462 2324006",
                "mapUrl": "https://www.google.com/maps?q=RJR+Herbal+Hospital+Tirunelveli&output=embed",
                "doctorName": "DR S Shruthi B.A.M.S,PGDCP,MBA,HHM",
                "doctorImage": "/images/dhakshnamoorthy.png"
            },
            {
                "id": "tiruppur",
                "city": "Tiruppur",
                "address": "No: 164/487-488, Dharapuram Main Road, Aranmanai Pudur, Near Old Bus Stand, Tiruppur. LM: Opposite to Gem Super Market. Pincode : 641604.",
                "phone": "04214546006, +91 7092377711",
                "mapUrl": "https://www.google.com/maps?q=RJR+Herbal+Hospital+Tiruppur&output=embed",
                "doctorName": "DR.GOWSALYA, B.A.M.S",
                "doctorImage": "/images/kavitha.png"
            },
            {
                "id": "tiruvannamalai",
                "city": "Tiruvannamalai",
                "address": "No.: 73/26, Pay kopuram Main Road [Near Shakthi Theatre], Opposite to Pay Gopuram or West Gopuram, Tiruvannamalai, Tamil Nadu. Pincode: 606601.",
                "phone": "04175290007, +91 9092677711",
                "mapUrl": "https://www.google.com/maps?q=RJR+Herbal+Hospital+Tiruvannamalai&output=embed",
                "doctorName": "Dr.P.Harini.B.S.M.S.",
                "doctorImage": "/images/naveersir1.png"
            },
            {
                "id": "trichy",
                "city": "Trichy",
                "address": "NSC.No.27, Railway Society Complex, Near Central Bus Stand, Near Indian Oil or Opposite to LKS Mahal, Trichy. Pincode-620001.",
                "phone": "74491 77711, 0431-2406004",
                "mapUrl": "https://www.google.com/maps?q=RJR+Herbal+Hospital+Trichy&output=embed",
                "doctorName": "DR.M.THANKA PUSHPA. B.A.M.S.,CFS.",
                "doctorImage": "/images/md sir nadi.png"
            },
            {
                "id": "vellore",
                "city": "Vellore",
                "address": "Ward No:1, Block No:3, New Bypass, No 61/1B2, 1st Floor, SK Tower, Bengaluru - Chennai Hwy, Vellore, Tamil Nadu, Pincode :632004",
                "phone": "+91 9514955555",
                "mapUrl": "https://www.google.com/maps?q=RJR+Herbal+Hospital+Vellore&output=embed",
                "doctorName": "DR.M.KALAISELVI, B.A.M.S.",
                "doctorImage": "/images/dhakshnamoorthy.png"
            },
            {
                "id": "villupuram",
                "city": "Villupuram",
                "address": "NO.: 344, Thamarai Street, Suthagar Nagar, Near New Bus Stand, Villupuram, Tamil Nadu. Pincode: 605602.",
                "phone": "04146-357682, +91 7871877711",
                "mapUrl": "https://www.google.com/maps?q=RJR+Herbal+Hospital+Villupuram&output=embed",
                "doctorName": "DR.S. VIJAYABHAARATHI, B.A.M.S",
                "doctorImage": "/images/kavitha.png"
            },
            {
                "id": "virudhachalam",
                "city": "Virudhachalam",
                "address": "No.: 690, Junction Road, Opposite to Fathima Metriculation Higher Secondary School, Virudhachalam, Tamil Nadu. Pincode: 606001.",
                "phone": "+91 7092877711",
                "mapUrl": "https://www.google.com/maps?q=RJR+Herbal+Hospital+Virudhachalam&output=embed",
                "doctorName": "DR P.ANITHA B.S.M.S",
                "doctorImage": "/images/naveersir1.png"
            }
        ]
    },
    {
        "state": "Andhra Pradesh",
        "branches": [
            {
                "id": "anantapur",
                "city": "Anantapur",
                "address": "H.No: 18-2-750, Beside Diwakar travels, Nirmalananda nagar, RTC Bus stand road, Ananthapur, Andhra Pradesh Pin Code - 515001.",
                "phone": "8554293849, +91 70946 77711",
                "mapUrl": "https://www.google.com/maps?q=RJR+Herbal+Hospital+Anantapur&output=embed",
                "doctorName": "DR. P. VIJAYA LAKSHMI",
                "doctorImage": "/images/dhakshnamoorthy.png"
            },
            {
                "id": "anakapalle",
                "city": "Anakapalle",
                "address": "No: 3-7-26, GNT Road, Opposite Mandal Revenue Office, Narasinga Rao Peta, Anakapalle, Andhra Pradesh Pincode - 531001",
                "phone": "8924237689, +91-7448777139",
                "mapUrl": "https://www.google.com/maps?q=RJR+Herbal+Hospital+Anakapalle&output=embed",
                "doctorName": "DR.N.SREE SAMYUKTHA",
                "doctorImage": "/images/kavitha.png"
            },
            {
                "id": "bhimavaram",
                "city": "Bhimavaram",
                "address": "No: 3-13-15, K.G.S Plaza, Juvvalapalem Road, Opposite to Sonovision, Balusumoodi, Bhimavaram, Andra Pradesh - 534202.",
                "phone": "8816293919, +91-9087771106",
                "mapUrl": "https://www.google.com/maps?q=RJR+Herbal+Hospital+Bhimavaram&output=embed",
                "doctorName": "DR.E.POOJITHA",
                "doctorImage": "/images/naveersir1.png"
            },
            {
                "id": "eluru",
                "city": "Eluru",
                "address": "Door No:25-5-25, SAI TOWERS, Beside New Bus Stand, Narasimharaopet, Eluru, Andhra Pradesh, Pincode: 534006.",
                "phone": "9655555517, +91-7639677711",
                "mapUrl": "https://www.google.com/maps?q=RJR+Herbal+Hospital+Eluru&output=embed",
                "doctorName": "DR. S. MADHAVI",
                "doctorImage": "/images/md sir nadi.png"
            },
            {
                "id": "guntur",
                "city": "Guntur",
                "address": "No : 6-4-8, 4th Lane, Arundelpet, Near Old Bus Stand, Guntur, Andhra Pradesh. Pincode: 522002.",
                "phone": "8632951510, +91-9786477711",
                "mapUrl": "https://www.google.com/maps?q=RJR+Herbal+Hospital+Guntur&output=embed",
                "doctorName": "",
                "doctorImage": "/images/dhakshnamoorthy.png"
            },
            {
                "id": "kadapa",
                "city": "Kadapa",
                "address": "No: 39/650-6-23, Old Bypass Road, Gurukul Vidyapeeth School, Kadapa, Andhra Pradesh, Pincode - 516002.",
                "phone": "+91-7868977711",
                "mapUrl": "https://www.google.com/maps?q=RJR+Herbal+Hospital+Kadapa&output=embed",
                "doctorName": "DR. SIREESHA",
                "doctorImage": "/images/kavitha.png"
            },
            {
                "id": "kakinada",
                "city": "Kakinada",
                "address": "No: 2/9A/10, Near Pragati Junior College, Venkata Nagar, Kakinada Andra Pradesh Pincode - 533003",
                "phone": "8842947711, +91-7094877711",
                "mapUrl": "https://www.google.com/maps?q=RJR+Herbal+Hospital+Kakinada&output=embed",
                "doctorName": "DR.DANDU SAI MANASA",
                "doctorImage": "/images/naveersir1.png"
            },
            {
                "id": "kavali",
                "city": "Kavali",
                "address": "No:19-06, Opposite Swaraj Tractors Trunk road, Musunuru, Kavali, Andhra Pradesh Pincode - 524201",
                "phone": "8662957711, +91-9655555517",
                "mapUrl": "https://www.google.com/maps?q=RJR+Herbal+Hospital+Kavali&output=embed",
                "doctorName": "DR. SOWMYA",
                "doctorImage": "/images/md sir nadi.png"
            },
            {
                "id": "kurnool",
                "city": "Kurnool",
                "address": "No: 45/203-A-62-2, Road No 1, Next to AP Tourism Office, Venkatramana Colony, Ramalingeswar Nagar, Kurnool, Andhra Pradesh. Pincode:518003.",
                "phone": "8518254444, +91-7094277711",
                "mapUrl": "https://www.google.com/maps?q=RJR+Herbal+Hospital+Kurnool&output=embed",
                "doctorName": "DR. K. MANJULA",
                "doctorImage": "/images/dhakshnamoorthy.png"
            },
            {
                "id": "nandyal",
                "city": "Nandyal",
                "address": "No.25/415-A5, Padmavathi Nagar Road, Opposite P.M.J Jewellers, Saleem nagar, Nandyala, Andhra Pradesh Pin Code : 518501.",
                "phone": "+91-7826077711, +91-8514244711",
                "mapUrl": "https://www.google.com/maps?q=RJR+Herbal+Hospital+Nandyal&output=embed",
                "doctorName": "DR. Shaik Umeshareen",
                "doctorImage": "/images/kavitha.png"
            },
            {
                "id": "narasaraopet",
                "city": "Narasaraopet",
                "address": "No.11-12-16, A-Block, Ground Floor, Sri Satya Sai Complex, Palnadu Bus Stand Road, Narasaraopeta, Andhra Pradesh. Pincode: 522601.",
                "phone": "+91 8647229229, +91 9626777119",
                "mapUrl": "https://www.google.com/maps?q=RJR+Herbal+Hospital+Narasaraopet&output=embed",
                "doctorName": "",
                "doctorImage": "/images/naveersir1.png"
            },
            {
                "id": "nellore",
                "city": "Nellore",
                "address": "No:25/2/587, Beside Nagendra Swamy Putta Temple, GNT Rd, Near Nippo Center, opposite to Yamaha Motor Showroom, Nellore, Andhra Pradesh Pincode - 524004",
                "phone": "8612335566, +91-9159277711",
                "mapUrl": "https://www.google.com/maps?q=RJR+Herbal+Hospital+Nellore&output=embed",
                "doctorName": "DR.P.AISSHWARYA",
                "doctorImage": "/images/md sir nadi.png"
            },
            {
                "id": "ongole",
                "city": "Ongole",
                "address": "No:37-1-172, Kurnool Road, Near Addanki Bus Stand Road, Beside KB Residency, Ongole, Andhra Pradesh Pincode-523002",
                "phone": "76394 77711, 8592227711",
                "mapUrl": "https://www.google.com/maps?q=RJR+Herbal+Hospital+Ongole&output=embed",
                "doctorName": "DR. HARIKA",
                "doctorImage": "/images/dhakshnamoorthy.png"
            },
            {
                "id": "rajahmundry",
                "city": "Rajahmundry",
                "address": "No:87-7-1-3/B, Opp RTC Complex, RTC Complex road, Ayyappa Nagar, Gandhipuram, LM:Chennai Shopping Mall Opposite, Rajahmundry, Andhra Pradesh. Pincode: 533103.",
                "phone": "8832444006, +91-7867977711",
                "mapUrl": "https://www.google.com/maps?q=RJR+Herbal+Hospital+Rajahmundry&output=embed",
                "doctorName": "DR. ANITHA REDDY",
                "doctorImage": "/images/kavitha.png"
            },
            {
                "id": "srikakulam",
                "city": "Srikakulam",
                "address": "H. No: 1-31, Bavajinagar, Palakonda Road, Balaga, Near Hospital Junction, Srikakulam, Andhra Pradesh Pin Code: 532001.",
                "phone": "8942294661, +91-7639977711",
                "mapUrl": "https://www.google.com/maps?q=RJR+Herbal+Hospital+Srikakulam&output=embed",
                "doctorName": "DR. GUDURU MOUNIKA",
                "doctorImage": "/images/naveersir1.png"
            },
            {
                "id": "tirupati",
                "city": "Tirupati",
                "address": "No.10-128/6-5, Nethaji nagar, Tiruchanoor road, Near Tiruchanoor flyover Tirupati,Andhra Pradesh Pincode - 517503.",
                "phone": "8772954006",
                "mapUrl": "https://www.google.com/maps?q=RJR+Herbal+Hospital+Tirupati&output=embed",
                "doctorName": "DR. K.BHUVANESWARI",
                "doctorImage": "/images/md sir nadi.png"
            },
            {
                "id": "vijayawada",
                "city": "Vijayawada",
                "address": "No: 15A/40-5/7-14, Municipal Employees Colony Main Road, Lalitha Jewellers Opposite Road, Pinnamaneni Poly Clinic Road, Near Benz Circle, Vijayawada, Andhra Pradesh. Pincode: 520010.",
                "phone": "8662957711, +91-9786377711",
                "mapUrl": "https://www.google.com/maps?q=RJR+Herbal+Hospital+Vijayawada&output=embed",
                "doctorName": "DR. LEELA REDDY",
                "doctorImage": "/images/dhakshnamoorthy.png"
            },
            {
                "id": "visakhapatnam",
                "city": "Visakhapatnam",
                "address": "No. 47-1-99, Ground Floor, Beside B.V.K College, Dwaraka Nagar 6th lane,Visakhapatnam, Andhra Pradesh Pincode: 530016",
                "phone": "+91 9655555517",
                "mapUrl": "https://www.google.com/maps?q=RJR+Herbal+Hospital+Visakhapatnam&output=embed",
                "doctorName": "DR. POTTURI SATHA KEERTHI",
                "doctorImage": "/images/kavitha.png"
            },
            {
                "id": "vizianagaram",
                "city": "Vizianagaram",
                "address": "Shop 1, Seshadri Complex, Opposite To Hotel Mayura, B-New mobile shop upstairs, Near RTC Complex, Vizianagaram,Andhra Pradesh Pincode : 535003.",
                "phone": "8922294528, +91-7448477711",
                "mapUrl": "https://www.google.com/maps?q=RJR+Herbal+Hospital+Vizianagaram&output=embed",
                "doctorName": "DR. JYOTHSNA PODILAPU",
                "doctorImage": "/images/naveersir1.png"
            }
        ]
    },
    {
        "state": "Telangana",
        "branches": [
            {
                "id": "ameerpet---hyderabad",
                "city": "Ameerpet - Hyderabad",
                "address": "No.: 8-3-903/9/4, G1, Nagarjuna Nagar, Road No -1, R.S. Brothers Opposite Road, Ameerpet, Hyderabad, Telangana. Pincode:500073.",
                "phone": "04020012001, +91 9786277711",
                "mapUrl": "https://www.google.com/maps?q=RJR+Herbal+Hospital+Ameerpet+-+Hyderabad&output=embed",
                "doctorName": "DR.C.MADHAVI B.A.M.S",
                "doctorImage": "/images/md sir nadi.png"
            },
            {
                "id": "a.s.rao-nagar---hyderabad",
                "city": "A.S.Rao Nagar - Hyderabad",
                "address": "No:1-12-144/39, 2-nd Kaman Road, Near VRK Silks, A.S Rao Nagar,Kapra Mandal, Hyderabad,Pincode:500062.",
                "phone": "+91 9087771125",
                "mapUrl": "https://www.google.com/maps?q=RJR+Herbal+Hospital+A.S.Rao+Nagar+-+Hyderabad&output=embed",
                "doctorName": "Dr.M.PRIYANKA",
                "doctorImage": "/images/dhakshnamoorthy.png"
            },
            {
                "id": "chanda-nagar---hyderabad",
                "city": "Chanda Nagar - Hyderabad",
                "address": "NO.: 2-132/4A, MMTS ROAD,GANGARAM, CHANDA NAGAR, HYDERABAD,TELANGANAPINCODE: 500050. LANDMARK: OPPOSITE ROAD TO RS BROTHERS",
                "phone": "+91 9087771104",
                "mapUrl": "https://www.google.com/maps?q=RJR+Herbal+Hospital+Chanda+Nagar+-+Hyderabad&output=embed",
                "doctorName": "Dr.Archana",
                "doctorImage": "/images/kavitha.png"
            },
            {
                "id": "himayat-nagar---hyderabad",
                "city": "Himayat Nagar - Hyderabad",
                "address": "No:3-6-524, Flat No:101,First floor, Street No:7, Next building to Reliance digital, Opposite to Minerva coffee shop, Himayat nagar, Hyderabad,Pin Code:500080.",
                "phone": "+91 9087771128",
                "mapUrl": "https://www.google.com/maps?q=RJR+Herbal+Hospital+Himayat+Nagar+-+Hyderabad&output=embed",
                "doctorName": "DR.G.KALINDI DEVI",
                "doctorImage": "/images/naveersir1.png"
            },
            {
                "id": "jadcherla",
                "city": "Jadcherla",
                "address": "H.No.: 5-250/18/B, Vijayanagar Colony, Opposite to New Bus Stand, Middle. Jadcherla, Mahabubnagar District, Telangana. Pincode: 509301.",
                "phone": "08542293563, +91 7639277711",
                "mapUrl": "https://www.google.com/maps?q=RJR+Herbal+Hospital+Jadcherla&output=embed",
                "doctorName": "DR.Krupavathi B.A.M.S.",
                "doctorImage": "/images/md sir nadi.png"
            },
            {
                "id": "jagtial",
                "city": "Jagtial",
                "address": "H.No:1-5-132/1, Next building to Bank of Maharashtra, Aravind Nagar, Karimnagar Road, Near New Bus Stand, Jagtial,Pincode:505327.",
                "phone": "08724221221, +91 9087771103",
                "mapUrl": "https://www.google.com/maps?q=RJR+Herbal+Hospital+Jagtial&output=embed",
                "doctorName": "Dr.NENAVATH NAGENDRA B.A.M.S",
                "doctorImage": "/images/dhakshnamoorthy.png"
            },
            {
                "id": "karimnagar",
                "city": "Karimnagar",
                "address": "No.: 7-3-355, 1st Floor, Kashmeer Gadda, Mankammathota, Land Mark : Opposite to Fire Station, Karimnagar, Telangana. Pincode: 505002.",
                "phone": "08782997711, +91 7094577711",
                "mapUrl": "https://www.google.com/maps?q=RJR+Herbal+Hospital+Karimnagar&output=embed",
                "doctorName": "DR.DIVYA SHREE B.A.M.S",
                "doctorImage": "/images/kavitha.png"
            },
            {
                "id": "khammam",
                "city": "Khammam",
                "address": "Place: No: No.11-10-268/4/1, Next to VVR Hotel, Bypass road, Near New bus stand, Khammam. Pincode - 507002",
                "phone": "08742293229, +91 7094377711",
                "mapUrl": "https://www.google.com/maps?q=RJR+Herbal+Hospital+Khammam&output=embed",
                "doctorName": "Dr.BLESSY PARIMALA RANI B.A.M.S",
                "doctorImage": "/images/naveersir1.png"
            },
            {
                "id": "mancherial",
                "city": "Mancherial",
                "address": "H.NO 5-200, IQBAL Ahamed Nagar, Behind - RTC Bus Stand, Mancherial, Telangana Pincode : 504208",
                "phone": "9514877711, 08736-255006",
                "mapUrl": "https://www.google.com/maps?q=RJR+Herbal+Hospital+Mancherial&output=embed",
                "doctorName": "Dr. Bargavi B.A.M.S.",
                "doctorImage": "/images/md sir nadi.png"
            },
            {
                "id": "nalgonda",
                "city": "Nalgonda",
                "address": "NO: 6-9-317 Hyderabad Road, Raghavendra colony, Near - Vivekananda Statute, Nalgonda - 508 001.",
                "phone": "08682 293563, +91 7639577711",
                "mapUrl": "https://www.google.com/maps?q=RJR+Herbal+Hospital+Nalgonda&output=embed",
                "doctorName": "Dr. Bushireddy Nikhitha Reddy B.A.M.S.",
                "doctorImage": "/images/dhakshnamoorthy.png"
            },
            {
                "id": "nizamabad",
                "city": "Nizamabad",
                "address": "No: 6-2-129, Kanteshwar Water Tank, Subahash Nagar Road, Near Zilla Praishad Office, Nizamabad, Telangana. Pincode: 503002.",
                "phone": "08462293003, +91 7094977711",
                "mapUrl": "https://www.google.com/maps?q=RJR+Herbal+Hospital+Nizamabad&output=embed",
                "doctorName": "DR.VIVIN JOHN B.N.Y.S.",
                "doctorImage": "/images/kavitha.png"
            },
            {
                "id": "siddipet",
                "city": "Siddipet",
                "address": "H.no.:19-8, Radha Residency, Housing Board Colony, Prashanth Nagar, Post Mondal, Siddipet, Telangana, Pincode: 502103.",
                "phone": "08457293563, +91 7449077711",
                "mapUrl": "https://www.google.com/maps?q=RJR+Herbal+Hospital+Siddipet&output=embed",
                "doctorName": "DR.BANDARIPALLY SNEHA B.A.M.S.",
                "doctorImage": "/images/naveersir1.png"
            },
            {
                "id": "suryapet",
                "city": "Suryapet",
                "address": "No : 1-7-94, Nallabavi Road, Opposite Raghava Plaza, PSR Center, Suryapet, Pincode: 508213.",
                "phone": "08684293422, +91 7092677711",
                "mapUrl": "https://www.google.com/maps?q=RJR+Herbal+Hospital+Suryapet&output=embed",
                "doctorName": "DR.CHILLAPALLI SANDHYA B.A.M.S.",
                "doctorImage": "/images/md sir nadi.png"
            },
            {
                "id": "warangal",
                "city": "Warangal",
                "address": "No:1-8-384, VRK Silks (or) Kalaniketan Building Backside, Nakkalagutta Main Road, Hanamkonda, Warangal,Pincode:506001.",
                "phone": "08703510177, +91 9047877711",
                "mapUrl": "https://www.google.com/maps?q=RJR+Herbal+Hospital+Warangal&output=embed",
                "doctorName": "Dr. Jyothi B.A.M.S.",
                "doctorImage": "/images/dhakshnamoorthy.png"
            }
        ]
    },
    {
        "state": "Karnataka",
        "branches": [
            {
                "id": "ballari",
                "city": "Ballari",
                "address": "No:06 Bhushana Bhavana, opp:New Bus Stand, City Union Bank Building, Ballari,Karnataka. Pincode: 583101.",
                "phone": "+91 7826977711, 08392200533",
                "mapUrl": "https://www.google.com/maps?q=RJR+Herbal+Hospital+Ballari&output=embed",
                "doctorName": "",
                "doctorImage": "/images/kavitha.png"
            },
            {
                "id": "belgaum",
                "city": "Belgaum",
                "address": "No:234/2, Khanapur Road, Opposite to Fire Station, Near Railway Over Bridge, Shastri Nagar, Shahapur, Belagavi, Karnataka Pincode: 590001.",
                "phone": "+91 7826877711, 08312001579",
                "mapUrl": "https://www.google.com/maps?q=RJR+Herbal+Hospital+Belgaum&output=embed",
                "doctorName": "",
                "doctorImage": "/images/naveersir1.png"
            },
            {
                "id": "davangere",
                "city": "Davangere",
                "address": "No:150/3,New No:598, Best Enclave - Ground floor, Opposite to Reliance Super Market, Pune Bangalore(P-B) Road, Davanagere Karnataka. Pincode: 577002.",
                "phone": "+91 7824977711, +91 8192453535",
                "mapUrl": "https://www.google.com/maps?q=RJR+Herbal+Hospital+Davangere&output=embed",
                "doctorName": "",
                "doctorImage": "/images/md sir nadi.png"
            },
            {
                "id": "gulbarga",
                "city": "Gulbarga",
                "address": "No.C-08, Hirapur Circle, Ambedkar Chowk, Aland Check post road, Kalaburagi, Karnataka. Pincode: 585102.",
                "phone": "+91 9087771105, 08023900973",
                "mapUrl": "https://www.google.com/maps?q=RJR+Herbal+Hospital+Gulbarga&output=embed",
                "doctorName": "",
                "doctorImage": "/images/dhakshnamoorthy.png"
            },
            {
                "id": "hassan",
                "city": "Hassan",
                "address": "Silver Jubilee Building,Bangalore - Mangalore Rd, Opposite to Hassan Railway Station,Shankaripuram, Hassan, Karnataka. Pincode: 573201.",
                "phone": "+91 90927 77116, +91 8172269999",
                "mapUrl": "https://www.google.com/maps?q=RJR+Herbal+Hospital+Hassan&output=embed",
                "doctorName": "",
                "doctorImage": "/images/kavitha.png"
            },
            {
                "id": "hubli",
                "city": "Hubli",
                "address": "No:1,First floor, Shriya Jupiter, Gokul road, New bus stand, Rajendra Nagar, Hubballi, Karnataka. Pincode: 580030.",
                "phone": "+91 7639077711, 08362004006",
                "mapUrl": "https://www.google.com/maps?q=RJR+Herbal+Hospital+Hubli&output=embed",
                "doctorName": "DR.SALUWA. B.A.M.S.",
                "doctorImage": "/images/naveersir1.png"
            },
            {
                "id": "hsr-layout",
                "city": "Hsr Layout",
                "address": "No.146, Sector 5, Outer Ring Road, HSR Layout, Bangalore,Karnataka. Pincode: 560102",
                "phone": "+91 8680077798, +91 9514777114",
                "mapUrl": "https://www.google.com/maps?q=RJR+Herbal+Hospital+Hsr+Layout&output=embed",
                "doctorName": "",
                "doctorImage": "/images/md sir nadi.png"
            },
            {
                "id": "kalyan-nagar---bangalore",
                "city": "Kalyan Nagar - Bangalore",
                "address": "No.39/1,Hennur Main Road, HBR Layout, 4th Block, L.M: Near to Axis bank and Dilawar Restaurant Kalyan Nagar, Bangalore, Karnataka. Pincode: 560043",
                "phone": "+91 9087771192, 08048531669",
                "mapUrl": "https://www.google.com/maps?q=RJR+Herbal+Hospital+Kalyan+Nagar+-+Bangalore&output=embed",
                "doctorName": "",
                "doctorImage": "/images/dhakshnamoorthy.png"
            },
            {
                "id": "kolar",
                "city": "Kolar",
                "address": "No:2136, Beside Venkateshwara Talkies, Madras Bangalore (M B) Road, Raja Nagar, Kolar, Karnataka. Pincode: 563 101.",
                "phone": "+91 78250 77711, 08152 223556",
                "mapUrl": "https://www.google.com/maps?q=RJR+Herbal+Hospital+Kolar&output=embed",
                "doctorName": "",
                "doctorImage": "/images/kavitha.png"
            },
            {
                "id": "mangalore",
                "city": "Mangalore",
                "address": "No: 101 A, 1st floor, Lotus Paradise Center, Poorvika Showrooom, Near bunts hostel circle, Karangalpady Junction, Mangalore, Karnataka. Pincode: 575003.",
                "phone": "+91 7639177711, 08242007711",
                "mapUrl": "https://www.google.com/maps?q=RJR+Herbal+Hospital+Mangalore&output=embed",
                "doctorName": "DR.MANASWITHA. B.A.M.S.",
                "doctorImage": "/images/naveersir1.png"
            },
            {
                "id": "mysore",
                "city": "Mysore",
                "address": "No.162/1, Narayana Shastry Road, KR Mohalla, Near Sadvidya Circle, Mysuru, Karnataka. Pincode: 570004",
                "phone": "+91 7639377711, 08213500532",
                "mapUrl": "https://www.google.com/maps?q=RJR+Herbal+Hospital+Mysore&output=embed",
                "doctorName": "DR.M.SWETHA. B.A.M.S.",
                "doctorImage": "/images/md sir nadi.png"
            },
            {
                "id": "rajaji-nagar---bangalore",
                "city": "Rajaji Nagar - Bangalore",
                "address": "No:307,46th Cross, 9th Main, 4th Block, Rajaji Nagar, Bangalore, Karnataka. Pincode: 560010.",
                "phone": "+91 7871077711",
                "mapUrl": "https://www.google.com/maps?q=RJR+Herbal+Hospital+Rajaji+Nagar+-+Bangalore&output=embed",
                "doctorName": "DR.KRISHNA PRABHA. B.S.M.S.,",
                "doctorImage": "/images/dhakshnamoorthy.png"
            },
            {
                "id": "shivamogga",
                "city": "Shivamogga",
                "address": "No: 438/60, 15th and, BH Rd, KR Puram, Shivamogga, Karnataka. Pincode: 577 202.",
                "phone": "+91 9514777114, 08182473398",
                "mapUrl": "https://www.google.com/maps?q=RJR+Herbal+Hospital+Shivamogga&output=embed",
                "doctorName": "",
                "doctorImage": "/images/kavitha.png"
            },
            {
                "id": "tumkur",
                "city": "Tumkur",
                "address": "No:24216,1st Floor, B.G Palya Circle, Beside Ganapathi Temple, Vinobha Nagar, B H Road, Tumkur, Karnataka Pincode: 572 101,",
                "phone": "+91 90927 77118, 08162006500",
                "mapUrl": "https://www.google.com/maps?q=RJR+Herbal+Hospital+Tumkur&output=embed",
                "doctorName": "",
                "doctorImage": "/images/naveersir1.png"
            },
            {
                "id": "vijayapura",
                "city": "Vijayapura",
                "address": "No: 675A/1, Athani Rd, Opposite to Sainik School, near New Bus Stand, 2nd Gate, Shastri Nagar, Vijayapura, Karnataka. Pincode: 586101.",
                "phone": "+91 7448777169, 08123132555",
                "mapUrl": "https://www.google.com/maps?q=RJR+Herbal+Hospital+Vijayapura&output=embed",
                "doctorName": "",
                "doctorImage": "/images/md sir nadi.png"
            }
        ]
    },
    {
        "state": "Puducherry",
        "branches": [
            {
                "id": "pondicherry",
                "city": "Pondicherry",
                "address": "No.: 24, Carpender Street, Opposite to Sumangali Kalyana Mandabam, Nelli Thoppu, Near New Bus Stand, Pondicherry. Pincode: 605005.",
                "phone": "+91 7448677711",
                "mapUrl": "https://www.google.com/maps?q=RJR+Herbal+Hospital+Pondicherry&output=embed",
                "doctorName": "Dr.J.PRIYANGA. B.A.M.S",
                "doctorImage": "/images/dhakshnamoorthy.png"
            }
        ]
    },
    {
        "state": "Maharashtra",
        "branches": [
            {
                "id": "mumbai-/-bombay",
                "city": "Mumbai / Bombay",
                "address": "No: 12A, HubTown Seasons, Opposite to Mono Rail Pillar-19, Ramakrishna Chemburkar marg , Chembur, Mumbai. L.M: Near to Jockey show room Pincode: 400071.",
                "phone": "022-20858787, +91 9087771127",
                "mapUrl": "https://www.google.com/maps?q=RJR+Herbal+Hospital+Mumbai+/+Bombay&output=embed",
                "doctorName": "",
                "doctorImage": "/images/kavitha.png"
            },
            {
                "id": "navi-mumbai",
                "city": "Navi Mumbai",
                "address": "No.16/17, Sathyam Towers, Sector 20, Kopar Khairane, Navi Mumbai, Maharashtra. Pincode: 400709.",
                "phone": "+91 9751177655",
                "mapUrl": "https://www.google.com/maps?q=RJR+Herbal+Hospital+Navi+Mumbai&output=embed",
                "doctorName": "",
                "doctorImage": "/images/naveersir1.png"
            },
            {
                "id": "dombivali",
                "city": "Dombivali",
                "address": "No 1, Konark Arcade, Kalyan Road, Besides KDMC sports complex, Dombivali East, Mumbai. L.M: Near Gharda circle Pincode: 421203.",
                "phone": "+91 97511 77544",
                "mapUrl": "https://www.google.com/maps?q=RJR+Herbal+Hospital+Dombivali&output=embed",
                "doctorName": "",
                "doctorImage": "/images/md sir nadi.png"
            },
            {
                "id": "pune",
                "city": "Pune",
                "address": "Shop no: 4 & 5, Kamala Corner Ground Floor, Near Jugana Bazar Chowk, Mangalwar Peth, Pune, Maharastra-411011.",
                "phone": "022-20858787, +91 7871777116",
                "mapUrl": "https://www.google.com/maps?q=RJR+Herbal+Hospital+Pune&output=embed",
                "doctorName": "",
                "doctorImage": "/images/dhakshnamoorthy.png"
            },
            {
                "id": "nashik",
                "city": "Nashik",
                "address": "Bharath Petrol Pump, Ashoka Realty Atharva Heights, No: 8 & 9, Jail Rd, next to Dasak, Dhara Society, Panchak, Nashik, Maharashtra 422101",
                "phone": "8608777115",
                "mapUrl": "https://www.google.com/maps?q=RJR+Herbal+Hospital+Nashik&output=embed",
                "doctorName": "",
                "doctorImage": "/images/kavitha.png"
            },
            {
                "id": "solapur",
                "city": "Solapur",
                "address": "Dufferin Chowk, No:150, VIP Rd, near Khairnar hospital, Solapur, Maharashtra 413001",
                "phone": "8608777116",
                "mapUrl": "https://www.google.com/maps?q=RJR+Herbal+Hospital+Solapur&output=embed",
                "doctorName": "",
                "doctorImage": "/images/naveersir1.png"
            },
            {
                "id": "aurangabad",
                "city": "Aurangabad",
                "address": "No : 327, Abhyuday Complex, Chhatrapati Sambhaji Nagar Near CIDCO Signal, opposite Deepali Hotel, N 3, Cidco, Chhatrapati Sambhajinagar, Maharashtra 431001",
                "phone": "8608777119",
                "mapUrl": "https://www.google.com/maps?q=RJR+Herbal+Hospital+Aurangabad&output=embed",
                "doctorName": "",
                "doctorImage": "/images/md sir nadi.png"
            },
            {
                "id": "kolhapur",
                "city": "Kolhapur",
                "address": "R S No. 266 Plot No. B 14 Old Pune Bangalore Road (PB Road), Post Market Yard, Kolhapur, Maharashtra. 416005",
                "phone": "7092777113",
                "mapUrl": "https://www.google.com/maps?q=RJR+Herbal+Hospital+Kolhapur&output=embed",
                "doctorName": "",
                "doctorImage": "/images/dhakshnamoorthy.png"
            },
            {
                "id": "ahmednagar",
                "city": "Ahmednagar",
                "address": "Ambar plaza A wing, No 1 & 32, near Market Yard Road, Bhavani Nagar, Ahilyanagar, Maharashtra 414001",
                "phone": "7092777114",
                "mapUrl": "https://www.google.com/maps?q=RJR+Herbal+Hospital+Ahmednagar&output=embed",
                "doctorName": "",
                "doctorImage": "/images/kavitha.png"
            },
            {
                "id": "nagpur",
                "city": "Nagpur",
                "address": "Plot number 193, Surya Nagar, Kalamna Market Road, Near SBI Bank , Nagpur - 440035.",
                "phone": "7092777116",
                "mapUrl": "https://www.google.com/maps?q=RJR+Herbal+Hospital+Nagpur&output=embed",
                "doctorName": "",
                "doctorImage": "/images/naveersir1.png"
            },
            {
                "id": "nanded",
                "city": "Nanded",
                "address": "1-18-1099, Anand Nagar Rd, near Rajashri Shahu School, Vasant Nagar, Hyder Bagh, Dashmesh Nagar, Harsh Nagar, Nanded, Nanded-Waghala, Maharashtra 431605",
                "phone": "7094777117, 8591122222",
                "mapUrl": "https://www.google.com/maps?q=RJR+Herbal+Hospital+Nanded&output=embed",
                "doctorName": "",
                "doctorImage": "/images/md sir nadi.png"
            },
            {
                "id": "akola",
                "city": "Akola",
                "address": "No.7/2, Dhagekar Complex, Cricket Club, near Tower Chowk, New Radhakisan Plots, Oposite, Akola, Maharashtra 444001",
                "phone": "022-20858787, +91 8608777110",
                "mapUrl": "https://www.google.com/maps?q=RJR+Herbal+Hospital+Akola&output=embed",
                "doctorName": "",
                "doctorImage": "/images/dhakshnamoorthy.png"
            },
            {
                "id": "amravathi",
                "city": "Amravathi",
                "address": "Address: Irwin Square, No:176, near MedPlus medical store, below LIC Office, Amravati, Maharashtra 444602",
                "phone": "022-20858787, +91 7448777113",
                "mapUrl": "https://www.google.com/maps?q=RJR+Herbal+Hospital+Amravathi&output=embed",
                "doctorName": "",
                "doctorImage": "/images/kavitha.png"
            },
            {
                "id": "jalgaon",
                "city": "Jalgaon",
                "address": "No : 5, Shiv Naman, bus stop, opposite to Nayara Petrol Pump, near shiv Shiv Colony, Ganesh Colony, Jalgaon, Maharashtra 425001",
                "phone": "022-20858787, +91 7448777106",
                "mapUrl": "https://www.google.com/maps?q=RJR+Herbal+Hospital+Jalgaon&output=embed",
                "doctorName": "",
                "doctorImage": "/images/naveersir1.png"
            },
            {
                "id": "pimpri-chinchwad",
                "city": "Pimpri Chinchwad",
                "address": "9,206, Sunshine Plaza, Ambedkar circle, No.8, Station Rd, MIDC, Pimpri Colony, Pimpri-Chinchwad, Maharashtra 411018",
                "phone": "022-20858787, +91 7448777110",
                "mapUrl": "https://www.google.com/maps?q=RJR+Herbal+Hospital+Pimpri+Chinchwad&output=embed",
                "doctorName": "",
                "doctorImage": "/images/md sir nadi.png"
            },
            {
                "id": "satara",
                "city": "SATARA",
                "address": "9, 7, Star Multiplex Complex, No:UG-8, near Satara Bus Stand, Raviwar Peth, Satara, Maharashtra 415001",
                "phone": "7448777103",
                "mapUrl": "https://www.google.com/maps?q=RJR+Herbal+Hospital+SATARA&output=embed",
                "doctorName": "",
                "doctorImage": "/images/dhakshnamoorthy.png"
            },
            {
                "id": "melegaon",
                "city": "Melegaon",
                "address": "No.44, upstairs of mosum Engineering works, Malegaon - Satana Rd, Soygaon, Malegaon, Maharashtra 423203",
                "phone": "+91 7448777114",
                "mapUrl": "https://www.google.com/maps?q=RJR+Herbal+Hospital+Melegaon&output=embed",
                "doctorName": "",
                "doctorImage": "/images/kavitha.png"
            }
        ]
    }
]